0,96.69999999999999,1125,False,565
1,43.74999999999999,896,False,2005
2,69.4,811,False,275
3,59.2,693,False,217
4,19.75,266,False,52
5,96.1,1141,False,650
6,128.14999999999998,1419,False,442
7,95.14999999999999,1136,False,631
8,98.85,1126,False,420
9,23.349999999999998,305,False,33
10,24.6,309,False,31
11,23.9,308,False,34
12,102.04999999999998,1137,False,314
13,132.5,1416,False,176
14,63.79999999999999,722,False,148
15,167.15000000000003,1781,False,257
16,59.45,664,False,110
17,106.05000000000001,1149,False,141
18,61.85,694,False,85
19,61.3,686,False,75
20,61.74999999999999,696,False,90
21,62.449999999999996,696,False,84
22,63.25000000000001,710,False,87
23,62.650000000000006,698,False,84
24,82.00000000000001,898,False,141
25,24.05,312,False,31
26,61.30000000000001,682,False,81
27,62.95000000000001,705,False,78
28,62.75,703,False,78
29,25.0,314,False,30
30,79.84999999999998,898,False,237
31,62.55,703,False,88
32,169.55,1789,False,191
33,104.55,1130,False,158
34,133.95,1435,False,176
35,104.04999999999998,1129,False,153
36,24.099999999999998,306,False,37
37,24.1,305,False,31
38,25.0,314,False,30
39,104.15,1128,False,170
40,133.6,1433,False,200
41,105.10000000000001,1130,False,143
42,24.75,314,False,30
43,134.2,1435,False,176
44,24.8,312,False,30
45,24.299999999999997,311,False,28
46,105.60000000000001,1129,False,114
47,23.299999999999997,302,False,34
48,25.7,316,False,34
49,24.499999999999996,313,False,30
50,62.1,693,False,71
51,169.55,1791,False,202
52,24.450000000000003,310,False,30
53,104.9,1129,False,150
54,134.1,1434,False,180
55,60.10000000000001,680,False,87
56,72.94999999999999,807,False,120
57,131.55,1402,False,164
58,143.0,1523,False,180
59,60.45,680,False,77
60,104.4,1129,False,171
61,104.75,1128,False,140
62,22.8,301,False,33
63,132.79999999999998,1434,False,266
64,24.7,315,False,30
65,61.75,689,False,86
66,63.94999999999999,722,False,151
67,23.5,298,False,33
68,60.199999999999996,681,False,82
69,24.9,311,False,30
70,72.64999999999999,841,False,300
71,62.10000000000001,694,False,103
72,61.949999999999996,699,False,95
73,24.599999999999998,315,False,35
74,64.39999999999999,722,False,145
75,23.9,308,False,32
76,103.95,1126,False,222
77,23.95,315,False,29
78,65.7,722,False,76
79,23.099999999999998,299,False,34
80,23.5,299,False,37
81,75.6,857,False,245
82,76.89999999999999,898,False,371
83,24.299999999999997,312,False,30
84,75.85,840,False,164
85,121.8,1508,False,1192
86,60.50000000000001,692,False,105
87,63.65000000000001,722,False,142
88,62.55,695,False,77
89,105.00000000000001,1137,False,176
90,23.050000000000004,298,False,40
91,60.25,675,False,64
92,23.349999999999998,296,False,40
93,62.6,707,False,97
94,24.6,310,False,34
95,103.69999999999999,1139,False,254
96,60.5,679,False,61
97,62.449999999999996,698,False,98
98,23.349999999999998,300,False,40
99,25.3,310,False,31
100,64.75,722,False,89
101,23.75,299,False,37
102,105.75,1138,False,159
103,61.85,709,False,108
104,23.2,297,False,41
105,23.1,296,False,40
106,59.7,677,False,113
107,130.79999999999998,1408,False,221
108,106.15,1136,False,160
109,60.95,701,False,110
110,64.0,722,False,139
111,24.400000000000002,306,False,33
112,61.95,694,False,97
113,73.60000000000001,824,False,157
114,62.9,704,False,93
115,104.80000000000001,1129,False,176
116,104.1,1136,False,198
117,129.65,1408,False,220
118,24.3,301,False,33
119,133.5,1433,False,177
120,24.7,309,False,34
121,23.999999999999996,298,False,37
122,73.85000000000001,821,False,117
123,24.35,309,False,34
124,60.6,677,False,71
125,142.15,1517,False,232
126,22.85,295,False,36
127,123.49999999999999,1408,False,606
128,67.60000000000001,809,False,384
129,62.95,722,False,151
130,80.00000000000001,898,False,243
131,63.45,706,False,85
132,24.1,313,False,32
133,79.64999999999999,898,False,271
134,23.75,305,False,37
135,24.400000000000002,308,False,31
136,46.75,798,False,1383
137,20.25,272,False,54
138,84.40000000000002,1128,False,1166
139,100.05000000000001,1125,False,308
140,71.45,806,False,212
141,21.3,287,False,44
142,71.30000000000001,879,False,612
143,90.35,1136,False,919
144,21.05,287,False,45
145,60.95,679,False,73
146,17.75,253,False,62
147,61.05000000000001,684,False,99
148,23.35,301,False,48
149,65.25,722,False,87
150,102.84999999999998,1139,False,284
151,62.849999999999994,716,False,151
152,152.75,1665,False,441
153,23.6,310,False,31
154,76.55,898,False,427
155,22.75,299,False,34
156,77.4,856,False,154
157,24.0,308,False,30
158,24.799999999999997,311,False,29
159,24.7,310,False,28
160,123.10000000000001,1424,False,702
161,59.599999999999994,677,False,93
162,120.1,1400,False,740
163,96.44999999999999,1127,False,528
164,121.75,1434,False,858
165,24.2,315,False,33
166,299.25,3161,True,756
167,21.849999999999998,309,False,29
168,75.2,841,False,182
169,25.099999999999998,315,False,30
170,71.55000000000001,844,False,350
171,23.35,301,False,38
172,25.099999999999998,310,False,34
173,60.300000000000004,683,False,89
174,24.2,301,False,33
175,60.25,678,False,76
176,23.45,300,False,34
177,133.60000000000002,1416,False,148
178,63.400000000000006,722,False,142
179,63.10000000000001,699,False,82
180,74.49999999999999,850,False,236
181,64.85,722,False,83
182,81.70000000000002,898,False,131
183,62.75,697,False,80
184,102.0,1128,False,261
185,23.9,303,False,32
186,24.999999999999996,313,False,31
187,63.5,722,False,136
188,132.55,1423,False,286
189,62.150000000000006,722,False,145
190,25.1,308,False,29
191,134.0,1442,False,224
192,62.60000000000001,703,False,70
193,101.3,1137,False,363
194,104.25000000000001,1129,False,143
195,61.0,680,False,66
196,117.95,1277,False,240
197,63.050000000000004,711,False,80
198,103.65,1137,False,232
199,23.4,297,False,34
200,60.89999999999999,680,False,68
201,64.8,722,False,100
202,134.55,1434,False,170
203,63.400000000000006,722,False,140
204,77.05,862,False,159
205,76.6,839,False,128
206,61.750000000000014,696,False,68
207,63.94999999999999,722,False,155
208,104.35000000000001,1125,False,144
209,102.95,1128,False,225
210,140.65,1524,False,261
211,24.849999999999998,308,False,29
212,63.05000000000001,705,False,71
213,62.750000000000014,700,False,85
214,142.95,1526,False,207
215,23.95,310,False,28
216,158.95000000000002,1676,False,181
217,104.15,1129,False,150
218,24.5,314,False,30
219,25.099999999999998,314,False,28
220,25.0,314,False,30
221,60.7,682,False,87
222,24.799999999999997,311,False,29
223,24.999999999999996,313,False,30
224,25.099999999999998,315,False,30
225,25.4,313,False,30
226,63.3,714,False,92
227,81.9,898,False,148
228,62.25,698,False,76
229,104.75,1128,False,137
230,23.4,303,False,31
231,105.2,1128,False,155
232,76.05,853,False,138
233,23.45,302,False,36
234,61.0,682,False,73
235,23.599999999999994,300,False,33
236,82.00000000000001,898,False,144
237,24.3,312,False,30
238,61.05,680,False,74
239,102.85,1128,False,233
240,127.19999999999999,1435,False,579
241,62.60000000000001,722,False,134
242,107.60000000000001,1242,False,569
243,104.80000000000001,1128,False,148
244,58.74999999999999,673,False,107
245,73.25,816,False,120
246,129.8,1434,False,442
247,128.4,1416,False,360
248,114.9,1277,False,350
249,186.6,1962,False,255
250,59.50000000000001,680,False,61
251,81.95000000000002,898,False,134
252,103.65000000000002,1129,False,220
253,132.15,1429,False,214
254,130.55,1416,False,337
255,102.64999999999999,1130,False,204
256,102.2,1126,False,217
257,60.7,680,False,78
258,63.650000000000006,722,False,144
259,61.75,680,False,68
260,68.0,788,False,230
261,25.25,313,False,29
262,178.30000000000004,2021,False,1026
263,60.35000000000001,703,False,76
264,70.95,826,False,307
265,23.099999999999998,299,False,34
266,103.85000000000001,1127,False,228
267,21.95,296,False,35
268,25.099999999999998,308,False,29
269,58.4,664,False,93
270,24.7,310,False,28
271,80.05,898,False,228
272,188.55,2025,False,424
273,24.400000000000002,308,False,33
274,60.400000000000006,679,False,61
275,61.35000000000001,678,False,74
276,99.1,1125,False,375
277,23.349999999999998,299,False,34
278,63.8,710,False,72
279,81.75,898,False,169
280,63.400000000000006,711,False,72
281,116.70000000000002,1246,False,133
282,24.85,315,False,31
283,104.45000000000002,1129,False,135
284,134.70000000000002,1433,False,141
285,104.20000000000002,1129,False,156
286,65.05,722,False,74
287,25.0,314,False,30
288,25.099999999999998,314,False,28
289,62.100000000000016,692,False,67
290,81.85000000000001,898,False,187
291,114.0,1236,False,146
292,63.500000000000014,707,False,74
293,63.10000000000001,703,False,71
294,302.3,3161,True,517
295,74.00000000000001,827,False,123
296,24.549999999999997,311,False,29
297,24.2,306,False,32
298,24.799999999999997,311,False,29
299,133.05,1414,False,202
300,103.15,1128,False,166
301,62.35,701,False,86
302,62.400000000000006,696,False,78
303,135.3,1434,False,167
304,64.15,722,False,69
305,24.0,304,False,33
306,70.05,833,False,413
307,79.50000000000001,898,False,242
308,105.9,1149,False,139
309,59.75,675,False,94
310,110.75,1237,False,401
311,106.75,1153,False,153
312,143.4,1529,False,185
313,24.199999999999996,311,False,31
314,106.64999999999999,1151,False,124
315,63.2,700,False,76
316,132.1,1417,False,202
317,63.400000000000006,722,False,141
318,104.35000000000001,1130,False,136
319,25.099999999999998,314,False,28
320,104.85,1128,False,139
321,25.45,315,False,29
322,24.0,304,False,32
323,62.650000000000006,702,False,76
324,105.05000000000001,1128,False,122
325,103.49999999999997,1130,False,200
326,60.650000000000006,680,False,66
327,24.55,312,False,30
328,77.1,849,False,152
329,234.75000000000003,2472,False,360
330,23.549999999999997,311,False,29
331,25.099999999999998,315,False,31
332,61.349999999999994,690,False,108
333,61.750000000000014,692,False,72
334,62.900000000000006,702,False,76
335,25.0,314,False,30
336,25.5,314,False,30
337,102.75000000000001,1127,False,207
338,143.70000000000002,1528,False,193
339,104.05000000000001,1129,False,155
340,62.849999999999994,704,False,80
341,106.5,1155,False,164
342,24.849999999999998,315,False,30
343,24.799999999999997,311,False,28
344,82.0,898,False,141
345,61.750000000000014,694,False,81
346,23.949999999999996,306,False,34
347,134.8,1433,False,139
348,25.2,315,False,29
349,24.5,304,False,33
350,103.00000000000001,1126,False,226
351,103.2,1129,False,183
352,71.55,805,False,177
353,81.00000000000001,898,False,141
354,24.95,316,False,31
355,62.19999999999999,693,False,100
356,62.75,702,False,75
357,24.849999999999998,314,False,28
358,103.90000000000002,1127,False,218
359,133.04999999999998,1434,False,218
360,24.549999999999997,311,False,28
361,23.5,304,False,32
362,138.04999999999998,1528,False,536
363,61.90000000000001,707,False,76
364,62.0,692,False,74
365,132.80000000000004,1430,False,247
366,60.550000000000004,687,False,89
367,23.599999999999998,299,False,33
368,25.099999999999998,314,False,28
369,62.7,699,False,98
370,25.0,314,False,30
371,60.55,685,False,96
372,60.900000000000006,682,False,76
373,24.049999999999997,302,False,32
374,81.60000000000001,898,False,135
375,64.85,722,False,82
376,65.05000000000001,722,False,70
377,144.35,1526,False,188
378,103.35000000000002,1126,False,180
379,164.39999999999998,1786,False,473
380,94.44999999999999,1129,False,606
381,133.79999999999998,1434,False,219
382,155.75,1677,False,249
383,114.44999999999999,1244,False,223
384,62.050000000000004,699,False,69
385,25.7,316,False,31
386,103.0,1127,False,183
387,25.2,310,False,28
388,23.799999999999997,302,False,34
389,74.65,838,False,181
390,63.2,713,False,95
391,24.849999999999998,314,False,28
392,158.7,1675,False,226
393,72.70000000000002,833,False,167
394,60.3,674,False,69
395,25.0,314,False,30
396,143.55,1524,False,168
397,63.35000000000001,711,False,88
398,134.95000000000002,1434,False,147
399,24.549999999999997,311,False,28
400,62.15,694,False,89
401,24.849999999999998,315,False,30
402,61.10000000000001,685,False,85
403,62.25,694,False,84
404,24.35,310,False,31
405,63.80000000000001,710,False,71
406,143.8,1524,False,168
407,104.25,1131,False,173
408,61.849999999999994,701,False,91
409,62.9,702,False,102
410,143.20000000000002,1526,False,159
411,71.95,792,False,91
412,73.85000000000001,809,False,76
413,133.9,1432,False,179
414,23.299999999999997,302,False,35
415,62.400000000000006,696,False,74
416,25.5,313,False,30
417,22.9,299,False,38
418,62.25,692,False,98
419,24.05,311,False,30
420,24.799999999999997,311,False,28
421,25.0,314,False,30
422,142.3,1509,False,174
423,24.5,314,False,30
424,24.0,304,False,32
425,60.550000000000004,673,False,60
426,61.6,684,False,76
427,62.150000000000006,698,False,82
428,24.5,314,False,30
429,61.599999999999994,692,False,94
430,104.80000000000001,1126,False,164
431,104.65,1152,False,203
432,24.95,310,False,28
433,62.3,703,False,86
434,105.25,1128,False,140
435,24.75,314,False,30
436,101.95,1130,False,263
437,63.5,709,False,80
438,62.5,699,False,81
439,24.549999999999997,311,False,28
440,24.5,304,False,33
441,61.449999999999996,693,False,95
442,24.45,310,False,28
443,131.70000000000002,1443,False,395
444,61.599999999999994,701,False,87
445,65.30000000000001,722,False,75
446,25.2,315,False,29
447,24.799999999999997,311,False,29
448,104.85000000000001,1129,False,187
449,23.749999999999996,313,False,30
450,105.05,1128,False,124
451,62.2,698,False,90
452,133.15,1422,False,177
453,186.75,1957,False,200
454,22.55,300,False,34
455,25.0,313,False,30
456,63.95,709,False,73
457,62.85000000000001,705,False,83
458,25.2,311,False,31
459,24.5,313,False,30
460,63.95,710,False,77
461,144.6,1526,False,163
462,23.849999999999998,310,False,30
463,158.3,1674,False,167
464,140.25,1528,False,351
465,105.10000000000001,1129,False,112
466,102.55,1129,False,230
467,62.900000000000006,707,False,80
468,25.7,315,False,29
469,143.75,1525,False,165
470,130.55,1416,False,261
471,61.400000000000006,694,False,86
472,62.45,691,False,87
473,23.85,309,False,30
474,62.2,692,False,92
475,24.7,309,False,29
476,303.35,3161,True,479
477,94.85,1127,False,630
478,133.65,1434,False,188
479,22.85,300,False,34
480,72.45,805,False,107
481,24.15,308,False,32
482,24.700000000000003,306,False,35
483,104.4,1128,False,140
484,62.4,698,False,90
485,60.650000000000006,680,False,72
486,130.85,1424,False,329
487,75.3,842,False,131
488,22.900000000000002,297,False,34
489,62.7,700,False,80
490,61.25,681,False,70
491,114.55000000000001,1229,False,145
492,143.60000000000002,1528,False,174
493,24.499999999999996,313,False,30
494,63.25000000000001,707,False,98
495,135.0,1436,False,143
496,79.35000000000001,872,False,121
497,24.299999999999997,311,False,29
498,25.2,309,False,29
499,167.85,1798,False,325
500,62.35,702,False,69
501,24.5,308,False,29
502,134.65,1434,False,189
503,104.20000000000002,1128,False,128
504,24.349999999999998,309,False,29
505,24.899999999999995,312,False,30
506,104.75,1129,False,144
507,63.900000000000006,722,False,141
508,24.249999999999996,309,False,30
509,62.550000000000004,694,False,68
510,24.75,314,False,30
511,60.85,678,False,75
512,61.15,691,False,97
513,103.65000000000002,1127,False,215
514,60.6,681,False,61
515,63.0,699,False,93
516,24.049999999999997,311,False,29
517,61.55,688,False,89
518,59.0,666,False,103
519,103.85,1128,False,183
520,115.15,1246,False,172
521,24.55,307,False,32
522,80.45000000000002,898,False,181
523,60.900000000000006,679,False,61
524,64.95,722,False,77
525,24.8,312,False,30
526,63.0,706,False,91
527,103.55000000000001,1126,False,188
528,63.39999999999999,707,False,78
529,24.649999999999995,313,False,30
530,24.1,305,False,33
531,61.65,682,False,77
532,24.349999999999998,314,False,28
533,62.900000000000006,702,False,78
534,62.55000000000001,693,False,66
535,61.8,689,False,75
536,62.05,697,False,83
537,23.5,297,False,34
538,82.1,898,False,137
539,132.55,1423,False,212
540,158.65,1672,False,153
541,59.900000000000006,678,False,60
542,169.79999999999998,1799,False,269
543,23.7,310,False,33
544,73.74999999999999,820,False,164
545,71.00000000000001,791,False,101
546,25.35,314,False,28
547,24.7,311,False,30
548,170.55,1799,False,216
549,22.45,300,False,33
550,61.2,687,False,90
551,24.0,304,False,32
552,23.9,298,False,33
553,23.8,306,False,31
554,78.6,866,False,135
555,64.6,722,False,85
556,23.4,297,False,33
557,140.05,1530,False,400
558,62.05000000000001,699,False,92
559,172.49999999999997,1814,False,260
560,114.80000000000001,1278,False,288
561,103.65000000000002,1126,False,157
562,113.64999999999999,1243,False,212
563,61.45,683,False,67
564,81.45000000000002,898,False,160
565,24.299999999999997,311,False,28
566,82.4,898,False,123
567,104.65,1126,False,115
568,63.0,703,False,79
569,24.450000000000003,309,False,35
570,76.75000000000001,838,False,109
571,81.35,898,False,165
572,62.8,722,False,149
573,76.64999999999999,843,False,137
574,141.85,1521,False,191
575,65.4,722,False,69
576,25.299999999999997,311,False,29
577,24.7,310,False,28
578,133.9,1433,False,181
579,132.85000000000002,1426,False,240
580,103.85000000000001,1128,False,134
581,24.3,312,False,30
582,62.95,700,False,78
583,105.20000000000002,1128,False,128
584,61.20000000000001,688,False,65
585,103.15,1128,False,246
586,132.25,1434,False,232
587,60.800000000000004,677,False,60
588,63.2,705,False,84
589,61.849999999999994,692,False,75
590,103.69999999999999,1128,False,228
591,60.7,683,False,67
592,74.35000000000001,826,False,112
593,104.25,1129,False,140
594,25.599999999999998,315,False,30
595,63.349999999999994,707,False,98
596,24.149999999999995,312,False,30
597,61.599999999999994,691,False,90
598,65.30000000000001,722,False,71
599,64.15,713,False,80
600,134.95000000000002,1435,False,179
601,133.60000000000002,1433,False,171
602,23.299999999999997,302,False,32
603,104.35,1129,False,164
604,25.449999999999996,315,False,29
605,60.60000000000001,680,False,59
606,77.35000000000001,858,False,150
607,61.75000000000001,687,False,72
608,134.60000000000002,1433,False,172
609,59.75000000000001,674,False,64
610,131.9,1434,False,336
611,59.25,682,False,100
612,23.8,302,False,35
613,24.6,310,False,31
614,61.250000000000014,685,False,90
615,23.750000000000004,298,False,33
616,62.599999999999994,701,False,89
617,81.10000000000001,898,False,164
618,77.35000000000001,860,False,160
619,72.9,815,False,119
620,103.49999999999999,1127,False,207
621,24.650000000000002,312,False,29
622,131.8,1414,False,180
623,103.55,1130,False,280
624,60.500000000000014,693,False,76
625,141.7,1526,False,285
626,133.29999999999998,1423,False,212
627,23.749999999999996,313,False,30
628,24.900000000000002,312,False,28
629,23.9,307,False,29
630,105.05000000000001,1149,False,219
631,25.25,313,False,30
632,81.70000000000002,898,False,135
633,61.60000000000001,695,False,85
634,62.10000000000001,692,False,91
635,63.7,722,False,151
636,74.45000000000002,855,False,252
637,60.80000000000001,677,False,59
638,101.04999999999998,1128,False,373
639,131.25,1415,False,223
640,103.4,1129,False,149
641,102.80000000000001,1127,False,243
642,63.1,722,False,155
643,23.449999999999996,300,False,34
644,64.1,715,False,81
645,63.8,710,False,74
646,23.9,303,False,34
647,60.4,678,False,87
648,62.550000000000004,697,False,84
649,24.849999999999998,314,False,28
650,24.6,310,False,30
651,25.299999999999997,311,False,28
652,71.3,826,False,278
653,81.39999999999999,898,False,172
654,23.7,310,False,28
655,141.10000000000002,1526,False,337
656,129.70000000000002,1417,False,300
657,62.45000000000001,698,False,67
658,23.349999999999998,299,False,33
659,61.400000000000006,689,False,87
660,24.099999999999998,304,False,32
661,24.799999999999997,311,False,28
662,25.099999999999998,314,False,28
663,63.500000000000014,708,False,76
664,104.69999999999999,1129,False,133
665,63.60000000000001,710,False,84
666,74.54999999999998,825,False,130
667,24.849999999999998,315,False,30
668,144.70000000000002,1524,False,146
669,306.3,3161,True,420
670,70.7,818,False,125
671,104.20000000000002,1131,False,145
672,61.8,687,False,80
673,24.799999999999997,311,False,28
674,73.5,829,False,182
675,24.599999999999998,315,False,30
676,74.79999999999998,822,False,112
677,62.40000000000001,702,False,77
678,61.949999999999996,690,False,79
679,104.7,1129,False,157
680,73.20000000000002,809,False,70
681,133.15,1431,False,222
682,73.5,811,False,94
683,63.45,712,False,86
684,61.00000000000001,684,False,89
685,132.39999999999998,1418,False,192
686,104.45,1125,False,162
687,80.8,898,False,154
688,24.5,313,False,28
689,25.299999999999997,311,False,28
690,65.05000000000001,722,False,71
691,133.9,1430,False,167
692,103.25,1151,False,345
693,23.799999999999997,311,False,29
694,113.85,1236,False,247
695,60.05000000000001,676,False,60
696,64.2,713,False,90
697,73.94999999999999,827,False,138
698,81.85,898,False,138
699,62.5,706,False,95
700,74.00000000000001,820,False,139
701,24.099999999999998,310,False,31
702,24.799999999999997,311,False,29
703,114.35000000000001,1236,False,194
704,103.65,1128,False,191
705,104.50000000000001,1128,False,135
706,63.400000000000006,711,False,75
707,23.7,300,False,35
708,143.65,1527,False,203
709,22.65,298,False,35
710,24.899999999999995,312,False,29
711,60.89999999999999,681,False,72
712,104.20000000000002,1130,False,164
713,63.35000000000001,702,False,68
714,25.45,315,False,30
715,114.85000000000001,1236,False,162
716,134.0,1433,False,179
717,24.15,311,False,28
718,187.15000000000003,1964,False,215
719,132.65,1433,False,234
720,104.35000000000001,1129,False,137
721,158.35000000000002,1677,False,194
722,113.35,1245,False,283
723,23.049999999999997,302,False,31
724,82.70000000000002,898,False,132
725,62.95,710,False,78
726,23.25,295,False,35
727,60.75,680,False,97
728,81.4,898,False,122
729,82.0,898,False,144
730,62.150000000000006,699,False,88
731,143.3,1513,False,145
732,75.25,847,False,148
733,64.20000000000002,714,False,74
734,25.349999999999998,314,False,28
735,104.60000000000001,1130,False,144
736,24.6,314,False,29
737,62.7,701,False,84
738,105.50000000000001,1131,False,155
739,133.35000000000002,1433,False,174
740,24.85,314,False,29
741,63.70000000000001,705,False,76
742,142.2,1526,False,260
743,24.599999999999998,314,False,28
744,134.45000000000002,1430,False,151
745,24.349999999999998,314,False,28
746,74.29999999999998,826,False,131
747,25.299999999999997,311,False,29
748,59.5,672,False,71
749,61.400000000000006,681,False,71
750,62.54999999999999,699,False,90
751,72.75,810,False,113
752,61.25,683,False,76
753,103.9,1128,False,170
754,23.45,306,False,32
755,62.1,693,False,71
756,63.49999999999999,709,False,83
757,143.20000000000005,1522,False,189
758,63.300000000000004,710,False,73
759,24.400000000000002,303,False,33
760,24.3,312,False,30
761,63.0,703,False,102
762,105.0,1129,False,140
763,23.799999999999997,311,False,28
764,62.349999999999994,695,False,83
765,25.35,314,False,29
766,24.399999999999995,311,False,29
767,82.1,898,False,136
768,63.150000000000006,708,False,83
769,131.95000000000002,1421,False,233
770,134.85000000000002,1435,False,185
771,23.25,304,False,32
772,22.7,295,False,35
773,25.099999999999998,314,False,29
774,104.0,1129,False,193
775,63.25,710,False,87
776,23.349999999999998,299,False,35
777,104.85000000000002,1129,False,138
778,25.349999999999998,315,False,33
779,104.2,1130,False,158
780,61.350000000000016,688,False,97
781,23.949999999999996,310,False,28
782,25.599999999999998,314,False,29
783,131.45,1415,False,212
784,60.999999999999986,681,False,67
785,76.9,860,False,166
786,24.35,310,False,32
787,60.7,676,False,62
788,128.45000000000002,1417,False,422
789,74.8,843,False,165
790,24.549999999999997,311,False,29
791,65.4,722,False,69
792,23.099999999999998,290,False,37
793,102.95,1128,False,203
794,76.25,848,False,155
795,194.8,2026,False,226
796,21.999999999999996,314,False,31
797,104.1,1125,False,169
798,24.599999999999998,314,False,28
799,25.099999999999998,314,False,28
800,62.75,696,False,66
801,63.0,698,False,79
802,24.849999999999998,314,False,28
803,104.75000000000001,1129,False,119
804,73.45,822,False,167
805,185.4,1958,False,308
806,58.349999999999994,673,False,72
807,62.7,699,False,75
808,63.8,711,False,79
809,63.7,712,False,89
810,61.400000000000006,686,False,71
811,71.65,796,False,122
812,60.099999999999994,680,False,83
813,23.900000000000002,297,False,34
814,60.05,674,False,67
815,60.55,680,False,75
816,60.650000000000006,675,False,70
817,103.64999999999999,1128,False,166
818,141.60000000000002,1527,False,294
819,24.899999999999995,312,False,29
820,112.2,1234,False,310
821,74.35,836,False,136
822,76.04999999999998,840,False,129
823,131.9,1417,False,212
824,62.900000000000006,705,False,91
825,80.55,898,False,203
826,24.65,313,False,33
827,103.25000000000001,1129,False,193
828,25.349999999999998,314,False,28
829,24.6,314,False,29
830,303.70000000000005,3161,True,472
831,80.85000000000001,898,False,137
832,115.95,1247,False,160
833,134.65,1437,False,153
834,76.45,847,False,139
835,63.099999999999994,710,False,81
836,102.85000000000001,1130,False,269
837,61.7,692,False,64
838,24.749999999999996,308,False,29
839,134.1,1432,False,168
840,62.0,700,False,89
841,60.50000000000001,680,False,87
842,60.95,679,False,70
843,25.049999999999997,311,False,28
844,156.95000000000002,1679,False,323
845,133.2,1429,False,174
846,62.10000000000001,704,False,77
847,24.95,316,False,31
848,63.150000000000006,703,False,81
849,143.9,1525,False,141
850,63.45,707,False,86
851,24.5,314,False,30
852,24.899999999999995,312,False,29
853,25.0,314,False,30
854,24.799999999999997,311,False,29
855,62.400000000000006,696,False,75
856,65.44999999999999,722,False,77
857,75.39999999999999,832,False,129
858,24.549999999999997,311,False,29
859,59.699999999999996,673,False,73
860,81.85000000000001,898,False,135
861,24.55,312,False,30
862,61.85000000000001,691,False,88
863,61.25,687,False,71
864,74.4,816,False,103
865,187.85000000000002,1979,False,278
866,61.15,702,False,81
867,25.599999999999998,314,False,28
868,62.8,707,False,81
869,63.65000000000001,706,False,71
870,61.650000000000006,694,False,86
871,104.5,1130,False,146
872,61.35000000000001,680,False,59
873,133.10000000000002,1432,False,219
874,24.649999999999995,313,False,33
875,25.099999999999998,314,False,28
876,76.85,850,False,137
877,130.3,1418,False,347
878,62.25000000000001,703,False,82
879,23.399999999999995,299,False,36
880,24.799999999999997,311,False,28
881,24.599999999999998,314,False,28
882,102.9,1128,False,245
883,169.55,1791,False,230
884,24.049999999999997,311,False,28
885,104.60000000000001,1127,False,153
886,23.999999999999996,313,False,29
887,158.55,1678,False,187
888,24.65,312,False,28
889,134.95000000000002,1435,False,154
890,22.95,295,False,35
891,25.599999999999998,314,False,28
892,60.75,681,False,67
893,61.5,687,False,72
894,105.25000000000001,1128,False,120
895,62.85000000000001,703,False,71
896,24.85,314,False,29
897,61.00000000000001,679,False,60
898,62.45,690,False,79
899,133.39999999999998,1433,False,206
900,61.449999999999996,695,False,77
901,105.35,1129,False,140
902,62.0,695,False,86
903,62.550000000000004,708,False,86
904,135.15,1435,False,166
905,23.95,310,False,28
906,116.25000000000003,1240,False,139
907,103.55,1129,False,179
908,143.5,1516,False,172
909,59.599999999999994,683,False,73
910,25.099999999999998,314,False,28
911,62.949999999999996,702,False,88
912,60.85000000000001,680,False,60
913,134.3,1433,False,213
914,61.30000000000001,697,False,80
915,143.50000000000003,1523,False,201
916,62.10000000000001,705,False,81
917,104.85,1127,False,154
918,24.650000000000002,313,False,30
919,132.6,1423,False,272
920,59.35,686,False,88
921,25.35,314,False,29
922,64.80000000000001,722,False,74
923,61.25,685,False,98
924,25.049999999999997,311,False,28
925,25.2,315,False,29
926,104.0,1129,False,170
927,24.599999999999998,314,False,28
928,131.9,1408,False,169
929,104.50000000000001,1126,False,155
930,61.85000000000001,692,False,68
931,134.15,1435,False,191
932,61.6,694,False,80
933,79.35000000000001,898,False,265
934,25.049999999999997,311,False,29
935,60.000000000000014,679,False,85
936,63.85000000000001,710,False,82
937,25.05,312,False,34
938,22.1,290,False,37
939,143.45,1525,False,203
940,24.549999999999997,311,False,29
941,115.3,1238,False,166
942,61.500000000000014,696,False,67
943,81.75,898,False,143
944,115.25000000000001,1235,False,144
945,105.75,1129,False,144
946,23.349999999999998,309,False,29
947,24.299999999999997,311,False,29
948,143.70000000000002,1526,False,183
949,24.599999999999998,310,False,30
950,81.20000000000002,898,False,156
951,142.54999999999998,1529,False,219
952,24.75,314,False,30
953,61.2,680,False,77
954,143.50000000000003,1525,False,162
955,103.95,1130,False,161
956,22.950000000000003,297,False,37
957,61.35000000000001,680,False,59
958,186.60000000000002,1964,False,278
959,60.90000000000001,696,False,83
960,25.349999999999998,314,False,28
961,61.85000000000001,692,False,70
962,81.65,898,False,146
963,103.29999999999998,1125,False,189
964,24.3,311,False,30
965,23.900000000000002,298,False,33
966,134.95000000000002,1435,False,126
967,62.85,704,False,76
968,63.85000000000001,704,False,78
969,102.05000000000001,1129,False,278
970,62.250000000000014,701,False,67
971,104.69999999999999,1128,False,126
972,23.849999999999998,305,False,32
973,63.0,698,False,80
974,133.8,1433,False,188
975,102.25,1129,False,267
976,130.75,1434,False,335
977,185.75,1959,False,209
978,25.449999999999996,315,False,29
979,77.35000000000001,866,False,165
980,62.800000000000004,700,False,75
981,22.85,295,False,34
982,142.39999999999998,1527,False,252
983,61.099999999999994,689,False,79
984,73.25000000000001,807,False,105
985,76.24999999999999,845,False,139
986,103.30000000000001,1129,False,176
987,105.54999999999998,1128,False,123
988,22.35,296,False,36
989,23.599999999999998,299,False,33
990,62.0,691,False,65
991,103.9,1129,False,197
992,61.75,693,False,79
993,134.45000000000005,1429,False,146
994,61.650000000000006,690,False,66
995,24.849999999999998,314,False,30
996,106.80000000000001,1149,False,143
997,25.200000000000003,315,False,27
998,24.9,311,False,29
999,60.50000000000001,679,False,60
1000,82.10000000000001,898,False,135
1001,24.6,314,False,29
1002,25.599999999999998,314,False,29
1003,23.900000000000002,302,False,33
1004,104.6,1127,False,153
1005,24.099999999999998,308,False,29
1006,25.0,314,False,34
1007,61.45,693,False,91
1008,71.30000000000001,798,False,142
1009,61.449999999999996,687,False,64
1010,76.4,849,False,140
1011,143.55,1531,False,226
1012,60.50000000000001,680,False,60
1013,61.099999999999994,683,False,79
1014,143.60000000000002,1524,False,152
1015,73.70000000000002,809,False,70
1016,62.05,696,False,82
1017,63.400000000000006,700,False,70
1018,101.05000000000001,1127,False,317
1019,60.400000000000006,685,False,90
1020,60.80000000000001,684,False,90
1021,106.65,1152,False,127
1022,60.800000000000004,679,False,68
1023,59.89999999999999,675,False,99
1024,62.250000000000014,690,False,65
1025,63.8,722,False,146
1026,82.00000000000001,898,False,141
1027,104.3,1128,False,171
1028,76.80000000000001,866,False,151
1029,81.60000000000001,898,False,139
1030,63.400000000000006,707,False,79
1031,23.549999999999997,302,False,32
1032,60.300000000000004,673,False,63
1033,25.0,314,False,30
1034,78.0,860,False,137
1035,63.050000000000004,706,False,76
1036,60.85000000000001,680,False,59
1037,62.14999999999999,692,False,78
1038,24.650000000000002,313,False,33
1039,193.5,2022,False,224
1040,60.55,689,False,93
1041,24.549999999999997,311,False,28
1042,133.85000000000002,1423,False,148
1043,24.95,315,False,29
1044,134.85000000000002,1437,False,194
1045,23.950000000000003,315,False,27
1046,23.299999999999997,296,False,32
1047,62.2,693,False,65
1048,62.70000000000001,700,False,82
1049,83.2,898,False,134
1050,64.10000000000001,722,False,83
1051,25.3,316,False,30
1052,24.299999999999997,311,False,28
1053,104.75,1129,False,143
1054,63.050000000000004,702,False,90
1055,61.750000000000014,689,False,82
1056,60.35000000000001,680,False,59
1057,116.75000000000001,1247,False,157
1058,133.15,1434,False,189
1059,104.35000000000001,1127,False,177
1060,134.1,1434,False,175
1061,24.549999999999997,311,False,28
1062,24.299999999999997,311,False,29
1063,24.699999999999996,310,False,29
1064,63.849999999999994,707,False,96
1065,24.35,314,False,29
1066,132.35000000000002,1408,False,180
1067,23.15,303,False,32
1068,104.55000000000001,1126,False,136
1069,61.25000000000001,686,False,90
1070,25.2,316,False,31
1071,62.85,704,False,79
1072,105.14999999999999,1128,False,119
1073,64.95,722,False,77
1074,60.35000000000001,676,False,63
1075,145.0,1527,False,172
1076,61.10000000000001,692,False,69
1077,81.35000000000001,898,False,137
1078,62.50000000000001,698,False,78
1079,23.549999999999997,301,False,34
1080,23.7,301,False,34
1081,77.60000000000002,866,False,186
1082,103.24999999999999,1129,False,216
1083,60.60000000000001,680,False,59
1084,104.70000000000002,1129,False,132
1085,63.44999999999999,706,False,83
1086,24.8,311,False,30
1087,106.05000000000001,1151,False,180
1088,60.5,681,False,68
1089,63.199999999999996,706,False,88
1090,62.60000000000001,699,False,79
1091,132.95000000000002,1416,False,168
1092,104.55000000000001,1128,False,122
1093,104.95,1127,False,147
1094,103.0,1128,False,214
1095,22.099999999999998,295,False,37
1096,104.50000000000001,1128,False,140
1097,104.5,1128,False,139
1098,133.2,1414,False,165
1099,115.80000000000001,1248,False,165
1100,73.55000000000001,811,False,77
1101,133.95,1435,False,203
1102,23.900000000000002,308,False,35
1103,25.099999999999998,314,False,28
1104,62.449999999999996,697,False,88
1105,101.95000000000002,1129,False,281
1106,24.599999999999998,314,False,28
1107,24.099999999999994,305,False,33
1108,61.10000000000001,680,False,59
1109,81.1,898,False,186
1110,61.60000000000001,687,False,66
1111,104.2,1129,False,157
1112,23.099999999999994,300,False,33
1113,24.699999999999996,310,False,29
1114,62.35,692,False,68
1115,105.45000000000002,1150,False,180
1116,131.45,1415,False,263
1117,81.15,898,False,123
1118,25.099999999999998,314,False,28
1119,130.85,1415,False,295
1120,24.349999999999998,314,False,28
1121,104.80000000000001,1127,False,193
1122,57.650000000000006,666,False,128
1123,63.50000000000001,722,False,137
1124,65.4,722,False,69
1125,23.15,298,False,33
1126,155.8,1675,False,371
1127,23.700000000000003,315,False,27
1128,25.200000000000003,315,False,27
1129,23.599999999999998,298,False,35
1130,134.6,1434,False,177
1131,23.4,297,False,34
1132,25.200000000000003,315,False,27
1133,61.45,690,False,84
1134,104.45000000000002,1128,False,178
1135,131.65,1415,False,176
1136,103.60000000000001,1127,False,178
1137,23.45,300,False,33
1138,23.4,298,False,37
1139,25.299999999999997,311,False,28
1140,61.60000000000001,693,False,73
1141,25.2,315,False,29
1142,25.099999999999998,314,False,28
1143,62.55,695,False,73
1144,60.7,678,False,69
1145,24.650000000000002,313,False,30
1146,61.75,686,False,66
1147,24.85,315,False,31
1148,25.3,316,False,30
1149,62.70000000000001,698,False,67
1150,64.15,722,False,141
1151,193.29999999999998,2024,False,216
1152,134.00000000000003,1435,False,137
1153,64.05000000000001,712,False,82
1154,62.95,707,False,90
1155,75.35,828,False,130
1156,72.6,813,False,97
1157,61.35000000000001,680,False,59
1158,24.549999999999997,311,False,28
1159,105.45,1129,False,158
1160,23.05,302,False,33
1161,63.300000000000004,712,False,83
1162,114.39999999999999,1244,False,237
1163,61.95000000000001,692,False,65
1164,73.35,810,False,84
1165,25.599999999999998,314,False,28
1166,104.30000000000001,1127,False,149
1167,61.849999999999994,695,False,80
1168,107.0,1150,False,115
1169,134.95,1435,False,203
1170,60.1,689,False,79
1171,105.25000000000001,1128,False,137
1172,103.24999999999999,1126,False,151
1173,135.5,1433,False,178
1174,133.25,1434,False,159
1175,105.0,1128,False,111
1176,105.15,1128,False,120
1177,81.4,898,False,149
1178,62.75,704,False,88
1179,24.849999999999998,314,False,30
1180,63.04999999999998,696,False,79
1181,81.4,898,False,124
1182,73.75000000000001,811,False,104
1183,62.00000000000001,696,False,66
1184,23.9,303,False,35
1185,61.8,691,False,80
1186,64.05000000000001,710,False,73
1187,62.10000000000001,691,False,63
1188,23.549999999999997,302,False,33
1189,132.8,1426,False,258
1190,24.299999999999997,311,False,28
1191,24.700000000000003,315,False,27
1192,167.55,1783,False,322
1193,132.89999999999998,1433,False,182
1194,59.75,677,False,102
1195,63.800000000000004,712,False,85
1196,104.20000000000002,1129,False,156
1197,103.95,1126,False,170
1198,24.949999999999996,315,False,29
1199,60.099999999999994,677,False,91
1200,24.3,302,False,33
1201,104.2,1128,False,155
1202,60.35,676,False,64
1203,65.5,722,False,86
1204,74.25,836,False,142
1205,62.2,691,False,64
1206,25.199999999999996,316,False,31
1207,24.099999999999998,305,False,32
1208,23.599999999999994,300,False,34
1209,24.099999999999998,300,False,34
1210,24.4,312,False,29
1211,62.849999999999994,700,False,81
1212,24.049999999999997,303,False,35
1213,141.55,1525,False,273
1214,65.05000000000001,722,False,71
1215,170.00000000000003,1798,False,204
1216,105.25,1130,False,123
1217,103.39999999999999,1128,False,165
1218,80.39999999999999,898,False,195
1219,61.7,686,False,81
1220,63.2,722,False,152
1221,61.25,687,False,73
1222,24.799999999999997,311,False,28
1223,79.1,874,False,156
1224,134.65000000000003,1433,False,156
1225,76.80000000000001,860,False,148
1226,61.05000000000001,684,False,66
1227,63.699999999999996,707,False,87
1228,61.050000000000004,684,False,66
1229,25.049999999999997,311,False,28
1230,81.54999999999998,898,False,155
1231,60.50000000000001,681,False,66
1232,62.900000000000006,696,False,72
1233,81.2,898,False,135
1234,59.85,679,False,101
1235,25.099999999999998,314,False,28
1236,63.50000000000001,706,False,74
1237,64.95,710,False,79
1238,133.90000000000003,1433,False,157
1239,59.75,678,False,76
1240,102.9,1129,False,246
1241,104.75000000000001,1129,False,119
1242,62.44999999999999,698,False,93
1243,234.65,2470,False,380
1244,60.60000000000001,691,False,90
1245,63.25000000000001,704,False,82
1246,62.050000000000004,708,False,139
1247,61.5,693,False,102
1248,60.35000000000001,682,False,94
1249,82.44999999999999,898,False,131
1250,24.25,314,False,30
1251,25.2,315,False,29
1252,23.9,303,False,31
1253,61.00000000000001,685,False,89
1254,25.099999999999998,315,False,30
1255,65.1,722,False,81
1256,104.50000000000001,1129,False,140
1257,61.55,688,False,89
1258,63.35000000000001,708,False,77
1259,24.400000000000002,302,False,34
1260,63.000000000000014,706,False,70
1261,25.599999999999998,314,False,30
1262,104.65,1129,False,120
1263,104.85,1128,False,135
1264,81.25000000000001,898,False,143
1265,24.549999999999997,311,False,28
1266,25.5,314,False,30
1267,103.65,1126,False,164
1268,60.25000000000001,680,False,88
1269,144.15,1528,False,157
1270,63.45,710,False,80
1271,62.400000000000006,697,False,79
1272,132.8,1434,False,293
1273,60.35000000000001,680,False,59
1274,106.2,1151,False,156
1275,62.900000000000006,701,False,72
1276,24.549999999999997,311,False,29
1277,104.80000000000001,1125,False,161
1278,23.799999999999997,311,False,29
1279,64.45,722,False,150
1280,132.25,1433,False,251
1281,133.90000000000003,1435,False,195
1282,81.05,898,False,154
1283,63.95,722,False,152
1284,60.5,682,False,72
1285,63.35,704,False,75
1286,62.5,698,False,77
1287,23.65,303,False,31
1288,25.499999999999996,313,False,30
1289,63.400000000000006,712,False,78
1290,144.15,1529,False,190
1291,62.80000000000001,706,False,76
1292,24.849999999999998,315,False,30
1293,104.4,1127,False,163
1294,63.449999999999996,707,False,88
1295,63.00000000000001,709,False,81
1296,24.549999999999997,311,False,29
1297,76.9,848,False,134
1298,24.299999999999997,311,False,29
1299,143.85000000000002,1524,False,180
1300,24.849999999999998,315,False,30
1301,62.7,702,False,89
1302,24.599999999999998,314,False,28
1303,134.20000000000002,1433,False,192
1304,63.6,709,False,78
1305,62.5,703,False,78
1306,143.05000000000004,1527,False,209
1307,62.15,700,False,91
1308,104.00000000000001,1129,False,192
1309,24.699999999999996,315,False,29
1310,63.00000000000001,705,False,89
1311,78.6,874,False,180
1312,81.4,898,False,149
1313,24.5,314,False,30
1314,24.999999999999996,313,False,30
1315,25.099999999999998,314,False,28
1316,25.099999999999998,314,False,28
1317,61.300000000000004,684,False,69
1318,61.2,682,False,94
1319,134.00000000000003,1433,False,201
1320,132.05,1417,False,169
1321,61.2,684,False,71
1322,60.89999999999999,687,False,101
1323,60.60000000000001,689,False,128
1324,106.4,1150,False,143
1325,25.249999999999996,313,False,30
1326,62.35000000000001,699,False,77
1327,24.549999999999997,311,False,28
1328,25.099999999999998,314,False,28
1329,25.499999999999996,313,False,30
1330,63.900000000000006,712,False,78
1331,73.7,821,False,110
1332,24.999999999999996,313,False,30
1333,23.8,298,False,35
1334,60.2,676,False,58
1335,105.25,1128,False,115
1336,104.80000000000001,1130,False,154
1337,132.70000000000002,1433,False,244
1338,103.24999999999999,1129,False,219
1339,59.349999999999994,673,False,71
1340,24.549999999999997,311,False,28
1341,82.29999999999998,898,False,155
1342,59.45,677,False,88
1343,135.05,1434,False,167
1344,59.94999999999999,679,False,72
1345,60.85,683,False,70
1346,135.80000000000004,1435,False,147
1347,133.85000000000002,1434,False,176
1348,74.15,825,False,123
1349,74.0,831,False,168
1350,25.1,314,False,29
1351,133.95,1433,False,192
1352,59.2,672,False,95
1353,101.89999999999999,1129,False,297
1354,142.95000000000002,1528,False,192
1355,25.1,314,False,29
1356,134.6,1434,False,155
1357,60.95,683,False,67
1358,25.450000000000003,315,False,27
1359,81.65,898,False,148
1360,61.150000000000006,686,False,72
1361,104.19999999999999,1129,False,181
1362,170.70000000000002,1804,False,199
1363,23.5,309,False,31
1364,24.3,301,False,34
1365,60.10000000000001,676,False,63
1366,25.200000000000003,315,False,27
1367,25.299999999999997,315,False,29
1368,25.099999999999998,314,False,30
1369,133.0,1434,False,258
1370,59.45000000000001,671,False,90
1371,132.9,1417,False,165
1372,24.849999999999998,314,False,28
1373,62.35000000000001,693,False,72
1374,62.650000000000006,696,False,72
1375,104.4,1128,False,143
1376,61.400000000000006,690,False,69
1377,104.70000000000002,1127,False,172
1378,64.44999999999999,722,False,77
1379,104.4,1128,False,166
1380,59.85000000000001,676,False,63
1381,134.5,1435,False,188
1382,60.55,679,False,65
1383,63.80000000000001,712,False,82
1384,106.1,1149,False,151
1385,74.2,822,False,120
1386,104.25,1130,False,175
1387,78.85,871,False,139
1388,62.650000000000006,705,False,68
1389,62.0,686,False,67
1390,25.200000000000003,315,False,27
1391,134.2,1435,False,177
1392,104.25,1128,False,162
1393,61.500000000000014,694,False,81
1394,62.8,699,False,94
1395,60.0,681,False,97
1396,143.90000000000003,1522,False,160
1397,103.25000000000001,1126,False,182
1398,62.80000000000001,699,False,68
1399,105.40000000000002,1130,False,104
1400,134.45,1434,False,150
1401,24.45,310,False,28
1402,105.64999999999999,1127,False,113
1403,63.2,709,False,72
1404,65.1,722,False,81
1405,62.900000000000006,701,False,73
1406,24.849999999999998,314,False,28
1407,104.80000000000001,1129,False,154
1408,59.85,683,False,126
1409,64.5,714,False,81
1410,60.25000000000001,680,False,60
1411,105.55000000000001,1129,False,125
1412,64.80000000000001,722,False,70
1413,143.15000000000003,1515,False,149
1414,64.69999999999999,722,False,76
1415,134.05,1434,False,191
1416,103.75000000000001,1125,False,152
1417,60.45,672,False,62
1418,63.00000000000001,703,False,79
1419,102.64999999999999,1130,False,278
1420,24.099999999999998,314,False,28
1421,61.35000000000001,680,False,59
1422,24.549999999999997,311,False,29
1423,63.849999999999994,711,False,86
1424,133.40000000000003,1421,False,147
1425,107.70000000000002,1151,False,106
1426,104.45000000000002,1128,False,129
1427,131.6,1414,False,215
1428,63.25000000000001,707,False,71
1429,144.35000000000002,1524,False,150
1430,23.2,301,False,33
1431,104.45000000000002,1131,False,142
1432,104.30000000000001,1125,False,131
1433,24.849999999999998,314,False,28
1434,63.900000000000006,711,False,74
1435,25.2,310,False,28
1436,62.95,703,False,73
1437,157.20000000000002,1671,False,205
1438,158.2,1680,False,227
1439,61.05000000000001,692,False,81
1440,135.75,1435,False,212
1441,62.3,712,False,84
1442,64.25,722,False,87
1443,159.45,1674,False,172
1444,103.75,1128,False,139
1445,64.6,722,False,82
1446,104.70000000000002,1125,False,142
1447,61.10000000000001,680,False,59
1448,24.299999999999997,311,False,28
1449,104.34999999999998,1130,False,194
1450,104.80000000000001,1128,False,125
1451,142.00000000000003,1529,False,257
1452,104.5,1128,False,113
1453,73.35000000000001,809,False,76
1454,105.35000000000002,1128,False,155
1455,23.849999999999998,315,False,30
1456,171.35000000000002,1802,False,218
1457,103.4,1129,False,147
1458,24.45,310,False,28
1459,77.35000000000002,849,False,133
1460,63.0,711,False,92
1461,115.65,1247,False,177
1462,115.55000000000001,1234,False,122
1463,24.35,315,False,32
1464,62.25,691,False,69
1465,106.25,1153,False,202
1466,62.35000000000001,698,False,71
1467,23.45,299,False,33
1468,24.399999999999995,312,False,29
1469,25.700000000000003,315,False,27
1470,24.799999999999997,311,False,28
1471,104.85000000000001,1129,False,114
1472,133.9,1435,False,192
1473,64.75,722,False,86
1474,62.70000000000001,700,False,78
1475,25.399999999999995,312,False,29
1476,76.04999999999998,839,False,124
1477,24.549999999999997,311,False,29
1478,60.5,681,False,69
1479,105.4,1130,False,127
1480,63.000000000000014,707,False,71
1481,65.45,722,False,78
1482,65.3,722,False,75
1483,78.95000000000002,869,False,129
1484,72.7,813,False,122
1485,105.60000000000001,1129,False,136
1486,62.3,707,False,81
1487,65.80000000000001,722,False,71
1488,62.0,697,False,73
1489,132.64999999999998,1419,False,196
1490,134.00000000000003,1432,False,223
1491,70.80000000000001,794,False,96
1492,62.599999999999994,702,False,93
1493,106.4,1154,False,164
1494,63.900000000000006,712,False,79
1495,105.69999999999999,1152,False,240
1496,103.95000000000002,1128,False,129
1497,60.95,679,False,71
1498,157.5,1665,False,165
1499,106.85,1154,False,130
1500,133.05,1418,False,196
1501,169.9,1796,False,199
1502,23.549999999999997,311,False,28
1503,61.900000000000006,689,False,89
1504,61.65,688,False,64
1505,104.15,1128,False,141
1506,62.300000000000004,695,False,70
1507,63.95000000000001,709,False,73
1508,107.4,1154,False,112
1509,159.15000000000003,1677,False,154
1510,104.25000000000001,1127,False,135
1511,107.60000000000001,1151,False,115
1512,24.249999999999996,314,False,31
1513,64.10000000000001,713,False,73
1514,132.75,1427,False,250
1515,62.85000000000001,708,False,77
1516,159.50000000000006,1677,False,146
1517,62.55000000000001,699,False,68
1518,61.55,688,False,69
1519,105.15,1128,False,169
1520,23.849999999999998,314,False,28
1521,133.45000000000002,1435,False,229
1522,63.2,705,False,76
1523,71.4,793,False,113
1524,23.55,301,False,32
1525,81.95000000000002,898,False,132
1526,60.7,676,False,58
1527,103.9,1128,False,217
1528,103.55000000000001,1127,False,166
1529,63.250000000000014,722,False,139
1530,104.75,1130,False,173
1531,64.55000000000001,722,False,75
1532,23.65,302,False,30
1533,25.099999999999998,314,False,29
1534,105.4,1128,False,118
1535,24.599999999999998,314,False,28
1536,63.849999999999994,704,False,75
1537,116.15,1249,False,137
1538,134.60000000000002,1434,False,176
1539,104.10000000000001,1130,False,167
1540,59.95,677,False,61
1541,23.150000000000002,297,False,33
1542,105.55000000000001,1127,False,120
1543,61.2,688,False,69
1544,23.650000000000002,303,False,33
1545,61.10000000000001,680,False,59
1546,75.45000000000002,835,False,129
1547,169.15,1784,False,195
1548,24.299999999999997,311,False,29
1549,25.2,315,False,29
1550,24.7,310,False,28
1551,104.2,1125,False,143
1552,62.05000000000001,679,False,66
1553,133.25000000000003,1441,False,194
1554,25.099999999999998,314,False,28
1555,60.55,676,False,79
1556,24.45,310,False,28
1557,77.3,859,False,170
1558,60.75,681,False,67
1559,24.549999999999997,311,False,28
1560,105.45000000000002,1128,False,102
1561,24.549999999999997,311,False,28
1562,60.65,678,False,81
1563,61.14999999999999,688,False,109
1564,142.95,1525,False,178
1565,24.849999999999998,314,False,28
1566,64.35000000000001,722,False,135
1567,169.20000000000002,1785,False,185
1568,132.54999999999998,1414,False,176
1569,104.20000000000002,1127,False,150
1570,104.19999999999999,1128,False,152
1571,134.7,1440,False,203
1572,73.65000000000002,830,False,141
1573,25.049999999999997,311,False,29
1574,64.95,722,False,75
1575,131.10000000000002,1414,False,294
1576,23.849999999999998,314,False,28
1577,135.3,1434,False,141
1578,81.3,898,False,126
1579,141.54999999999998,1520,False,270
1580,134.6,1441,False,186
1581,63.0,708,False,77
1582,81.6,898,False,189
1583,64.7,722,False,76
1584,134.20000000000002,1436,False,185
1585,23.05,301,False,34
1586,60.80000000000001,677,False,59
1587,25.599999999999998,314,False,28
1588,23.799999999999997,302,False,34
1589,64.95,722,False,75
1590,61.05000000000001,677,False,59
1591,170.15,1789,False,173
1592,168.90000000000003,1787,False,184
1593,141.85000000000002,1513,False,203
1594,60.2,676,False,58
1595,133.8,1435,False,200
1596,105.5,1128,False,137
1597,61.150000000000006,694,False,87
1598,64.94999999999999,722,False,75
1599,65.55000000000001,722,False,70
1600,63.20000000000001,704,False,71
1601,62.1,696,False,86
1602,134.50000000000003,1433,False,176
1603,61.45000000000001,695,False,79
1604,63.300000000000004,706,False,77
1605,133.60000000000002,1415,False,142
1606,104.70000000000002,1128,False,129
1607,23.6,299,False,33
1608,61.45,689,False,70
1609,63.400000000000006,703,False,81
1610,22.849999999999998,299,False,33
1611,158.60000000000002,1680,False,209
1612,104.25000000000001,1127,False,134
1613,116.55,1246,False,130
1614,59.89999999999999,681,False,96
1615,134.15000000000003,1428,False,156
1616,107.75000000000003,1155,False,111
1617,105.05000000000001,1128,False,145
1618,62.6,710,False,84
1619,25.349999999999998,314,False,28
1620,102.3,1128,False,250
1621,132.5,1413,False,160
1622,104.20000000000002,1129,False,157
1623,64.85000000000001,722,False,80
1624,25.249999999999996,313,False,29
1625,104.05000000000001,1126,False,138
1626,104.1,1129,False,161
1627,59.199999999999996,669,False,102
1628,73.85000000000001,827,False,168
1629,63.3,712,False,80
1630,24.799999999999997,311,False,28
1631,62.850000000000016,697,False,66
1632,64.39999999999999,713,False,82
1633,104.70000000000002,1129,False,139
1634,24.950000000000003,315,False,27
1635,24.700000000000003,315,False,27
1636,105.0,1127,False,130
1637,65.55000000000001,722,False,75
1638,158.10000000000002,1675,False,182
1639,24.349999999999998,314,False,28
1640,133.85,1433,False,198
1641,61.25,693,False,103
1642,133.95000000000002,1434,False,221
1643,62.95,706,False,82
1644,62.55000000000001,701,False,80
1645,63.50000000000001,707,False,72
1646,105.10000000000001,1130,False,140
1647,61.70000000000001,693,False,67
1648,62.050000000000004,690,False,71
1649,63.55,722,False,150
1650,115.85000000000001,1244,False,153
1651,135.25000000000003,1435,False,137
1652,24.349999999999998,314,False,28
1653,24.799999999999997,311,False,28
1654,25.099999999999998,314,False,30
1655,107.05000000000001,1155,False,147
1656,62.85000000000001,704,False,77
1657,23.4,298,False,36
1658,25.599999999999998,314,False,28
1659,143.60000000000002,1525,False,182
1660,22.5,298,False,35
1661,25.299999999999997,311,False,28
1662,23.599999999999998,301,False,38
1663,63.550000000000004,722,False,149
1664,24.15,302,False,34
1665,78.85,873,False,127
1666,106.10000000000001,1151,False,163
1667,114.75000000000001,1234,False,161
1668,105.4,1129,False,122
1669,60.95000000000001,688,False,67
1670,60.75000000000001,680,False,61
1671,106.9,1152,False,151
1672,75.10000000000001,838,False,147
1673,24.299999999999997,311,False,28
1674,25.299999999999997,311,False,28
1675,60.95,685,False,76
1676,60.85000000000001,677,False,67
1677,62.35,697,False,70
1678,104.45000000000002,1127,False,149
1679,73.75,819,False,109
1680,62.8,701,False,79
1681,24.949999999999996,315,False,29
1682,133.60000000000002,1416,False,146
1683,60.6,686,False,90
1684,76.7,862,False,240
1685,59.75000000000001,680,False,86
1686,61.9,689,False,87
1687,62.349999999999994,705,False,81
1688,63.45,703,False,70
1689,62.24999999999999,698,False,78
1690,63.14999999999999,704,False,86
1691,61.00000000000001,680,False,61
1692,62.20000000000001,697,False,86
1693,24.849999999999998,315,False,30
1694,105.00000000000001,1137,False,178
1695,24.599999999999998,314,False,28
1696,62.35,696,False,86
1697,104.75000000000001,1128,False,136
1698,59.85000000000001,676,False,86
1699,63.95000000000002,709,False,74
1700,133.35,1416,False,175
1701,131.55,1429,False,243
1702,23.7,300,False,33
1703,24.2,310,False,28
1704,23.7,301,False,32
1705,24.799999999999997,311,False,28
1706,104.8,1153,False,262
1707,22.699999999999996,295,False,34
1708,61.300000000000004,686,False,102
1709,60.55,679,False,67
1710,59.95,678,False,91
1711,25.099999999999998,314,False,28
1712,142.95000000000002,1520,False,177
1713,24.849999999999998,314,False,28
1714,25.099999999999998,314,False,28
1715,25.099999999999998,314,False,28
1716,25.200000000000003,315,False,27
1717,82.3,898,False,126
1718,24.599999999999998,314,False,28
1719,63.70000000000001,709,False,74
1720,62.2,689,False,75
1721,103.95,1130,False,163
1722,72.75000000000001,805,False,112
1723,133.1,1416,False,174
1724,61.60000000000001,697,False,66
1725,105.35000000000001,1130,False,144
1726,24.349999999999998,314,False,28
1727,104.75000000000001,1129,False,140
1728,24.95,315,False,29
1729,158.65000000000003,1674,False,162
1730,62.75000000000001,701,False,70
1731,24.8,311,False,30
1732,23.2,296,False,37
1733,63.1,700,False,84
1734,61.1,682,False,67
1735,62.25,701,False,92
1736,60.650000000000006,679,False,61
1737,77.6,860,False,155
1738,61.70000000000002,693,False,66
1739,63.199999999999996,707,False,89
1740,133.45,1414,False,157
1741,72.65,820,False,165
1742,104.70000000000002,1128,False,130
1743,63.95,722,False,153
1744,24.95,315,False,29
1745,133.3,1416,False,139
1746,74.40000000000002,826,False,122
1747,81.4,898,False,146
1748,81.85,898,False,136
1749,61.85000000000001,700,False,80
1750,25.299999999999997,311,False,28
1751,63.25,709,False,81
1752,24.649999999999995,312,False,29
1753,24.799999999999997,311,False,28
1754,115.25,1236,False,171
1755,62.349999999999994,705,False,81
1756,61.05,682,False,109
1757,103.80000000000001,1127,False,142
1758,61.95,697,False,86
1759,23.699999999999996,297,False,37
1760,24.4,313,False,32
1761,193.30000000000004,2016,False,255
1762,60.050000000000004,694,False,66
1763,104.30000000000001,1129,False,153
1764,102.60000000000001,1126,False,229
1765,136.35000000000002,1443,False,149
1766,104.19999999999999,1128,False,135
1767,132.29999999999998,1416,False,164
1768,62.400000000000006,693,False,90
1769,62.6,699,False,77
1770,23.8,302,False,33
1771,105.10000000000001,1129,False,115
1772,23.200000000000003,301,False,34
1773,78.0,867,False,149
1774,63.900000000000006,722,False,142
1775,106.80000000000001,1152,False,132
1776,25.099999999999998,314,False,28
1777,60.85,677,False,66
1778,81.7,898,False,132
1779,61.25,687,False,75
1780,25.099999999999998,314,False,28
1781,61.45,683,False,68
1782,134.45,1434,False,174
1783,24.599999999999998,314,False,28
1784,105.05000000000001,1130,False,134
1785,63.40000000000001,707,False,75
1786,60.85000000000001,680,False,59
1787,105.60000000000001,1130,False,137
1788,61.400000000000006,699,False,87
1789,23.700000000000003,300,False,34
1790,60.75,678,False,75
1791,104.70000000000002,1130,False,137
1792,77.19999999999999,850,False,153
1793,62.349999999999994,704,False,82
1794,24.299999999999997,311,False,28
1795,136.15000000000003,1441,False,172
1796,80.39999999999999,898,False,173
1797,23.949999999999996,306,False,33
1798,134.05,1433,False,163
1799,24.950000000000003,315,False,27
1800,23.800000000000004,302,False,33
1801,105.30000000000001,1129,False,125
1802,143.2,1529,False,220
1803,59.599999999999994,674,False,75
1804,134.15,1434,False,164
1805,63.1,701,False,88
1806,24.049999999999997,311,False,29
1807,25.099999999999998,314,False,28
1808,132.20000000000002,1416,False,217
1809,60.45000000000001,673,False,66
1810,60.35000000000001,680,False,59
1811,23.8,297,False,34
1812,24.599999999999998,314,False,28
1813,171.60000000000002,1805,False,259
1814,60.95,701,False,85
1815,61.85000000000001,691,False,64
1816,116.85,1247,False,166
1817,62.8,712,False,81
1818,24.45,310,False,28
1819,23.599999999999998,299,False,35
1820,63.75000000000001,709,False,81
1821,63.699999999999996,712,False,87
1822,143.65,1529,False,187
1823,103.65,1130,False,177
1824,63.250000000000014,709,False,106
1825,61.849999999999994,696,False,85
1826,104.8,1125,False,139
1827,103.70000000000002,1127,False,150
1828,61.75,695,False,88
1829,170.5,1801,False,242
1830,142.6,1529,False,205
1831,144.45000000000002,1527,False,163
1832,24.049999999999997,311,False,28
1833,60.75000000000001,681,False,66
1834,60.89999999999999,680,False,68
1835,60.5,676,False,91
1836,134.70000000000002,1433,False,145
1837,134.5,1435,False,161
1838,63.400000000000006,711,False,72
1839,60.60000000000001,676,False,63
1840,65.2,722,False,76
1841,61.95,689,False,74
1842,61.95,692,False,64
1843,60.85000000000001,680,False,59
1844,63.45,702,False,87
1845,23.650000000000002,302,False,33
1846,187.20000000000002,1960,False,226
1847,61.349999999999994,705,False,89
1848,158.8,1675,False,171
1849,103.25000000000001,1127,False,157
1850,171.20000000000002,1797,False,210
1851,22.900000000000002,303,False,34
1852,104.85000000000002,1128,False,130
1853,62.400000000000006,700,False,66
1854,142.65,1510,False,172
1855,23.7,310,False,28
1856,25.099999999999998,314,False,28
1857,104.55,1126,False,137
1858,61.0,681,False,69
1859,116.55000000000001,1244,False,119
1860,103.35,1128,False,183
1861,141.9,1512,False,182
1862,64.95,722,False,76
1863,61.2,683,False,68
1864,80.35,884,False,129
1865,24.95,310,False,28
1866,24.299999999999997,311,False,29
1867,61.75,689,False,81
1868,23.55,302,False,33
1869,24.7,310,False,28
1870,135.85000000000002,1441,False,189
1871,59.699999999999996,680,False,107
1872,61.45,696,False,82
1873,158.0,1675,False,239
1874,132.04999999999998,1430,False,221
1875,60.900000000000006,677,False,59
1876,61.650000000000006,693,False,80
1877,62.30000000000001,695,False,79
1878,63.95,711,False,80
1879,105.2,1154,False,224
1880,104.60000000000001,1125,False,146
1881,24.349999999999998,314,False,28
1882,65.45,722,False,75
1883,105.20000000000002,1129,False,155
1884,143.5,1529,False,183
1885,141.54999999999998,1515,False,205
1886,60.85000000000001,689,False,76
1887,61.5,688,False,75
1888,61.75000000000001,693,False,81
1889,107.50000000000001,1155,False,113
1890,105.50000000000001,1127,False,133
1891,102.15,1127,False,240
1892,104.55000000000001,1128,False,124
1893,104.4,1127,False,162
1894,24.1,314,False,29
1895,25.299999999999997,311,False,28
1896,23.599999999999994,300,False,35
1897,61.900000000000006,694,False,67
1898,159.05000000000004,1675,False,197
1899,133.8,1433,False,137
1900,159.00000000000003,1678,False,176
1901,62.900000000000006,705,False,90
1902,133.0,1418,False,163
1903,24.950000000000003,315,False,27
1904,60.35000000000001,676,False,63
1905,63.50000000000001,707,False,72
1906,63.7,710,False,78
1907,25.049999999999997,311,False,29
1908,75.10000000000001,834,False,125
1909,61.400000000000006,691,False,80
1910,104.50000000000001,1130,False,171
1911,107.70000000000002,1153,False,117
1912,24.500000000000004,312,False,29
1913,62.2,700,False,81
1914,77.7,861,False,156
1915,132.95,1428,False,191
1916,103.95,1129,False,160
1917,60.150000000000006,670,False,68
1918,63.35,711,False,85
1919,77.39999999999999,862,False,152
1920,104.70000000000002,1129,False,160
1921,143.40000000000003,1525,False,170
1922,60.0,684,False,108
1923,107.45,1155,False,152
1924,77.95,868,False,142
1925,104.00000000000001,1128,False,165
1926,103.95,1129,False,156
1927,25.349999999999998,314,False,28
1928,24.6,314,False,29
1929,135.9,1434,False,163
1930,21.8,296,False,34
1931,59.75,679,False,135
1932,24.85,315,False,32
1933,62.55,694,False,93
1934,102.85000000000001,1127,False,235
1935,103.85000000000001,1130,False,167
1936,104.15,1129,False,145
1937,24.799999999999997,311,False,29
1938,24.599999999999998,314,False,28
1939,63.05000000000001,701,False,75
1940,135.3,1433,False,165
1941,60.250000000000014,689,False,83
1942,135.0,1435,False,162
1943,104.39999999999999,1129,False,149
1944,105.55000000000001,1130,False,105
1945,133.25,1435,False,213
1946,24.599999999999998,314,False,28
1947,61.35000000000001,680,False,59
1948,63.4,708,False,84
1949,134.3,1435,False,174
1950,25.55,316,False,30
1951,143.15000000000003,1529,False,187
1952,105.20000000000002,1130,False,136
1953,24.45,310,False,28
1954,60.35000000000001,683,False,97
1955,25.45,316,False,31
1956,103.85000000000001,1127,False,154
1957,62.550000000000004,701,False,77
1958,157.65,1663,False,233
1959,21.75,298,False,35
1960,25.3,316,False,30
1961,25.299999999999997,311,False,28
1962,63.150000000000006,696,False,73
1963,80.60000000000001,898,False,139
1964,132.55,1417,False,217
1965,24.6,314,False,29
1966,143.1,1525,False,181
1967,60.2,676,False,58
1968,24.1,299,False,33
1969,105.25000000000001,1126,False,128
1970,169.8,1801,False,204
1971,106.65,1152,False,130
1972,104.55000000000003,1128,False,121
1973,25.35,314,False,29
1974,103.85,1126,False,148
1975,104.85000000000001,1129,False,140
1976,104.15,1127,False,140
1977,77.64999999999999,859,False,137
1978,133.95,1433,False,170
1979,80.9,898,False,174
1980,74.2,825,False,125
1981,23.25,298,False,35
1982,25.099999999999998,314,False,28
1983,63.050000000000004,695,False,72
1984,104.75,1129,False,120
1985,60.900000000000006,688,False,84
1986,105.25,1127,False,134
1987,61.14999999999999,689,False,93
1988,104.95000000000002,1128,False,128
1989,104.1,1129,False,164
1990,24.349999999999998,314,False,28
1991,106.84999999999998,1149,False,176
1992,132.75,1435,False,214
1993,62.45,699,False,73
1994,105.60000000000002,1129,False,111
1995,63.30000000000001,706,False,75
1996,61.60000000000001,696,False,87
1997,25.449999999999996,315,False,29
1998,24.399999999999995,312,False,29
1999,104.30000000000001,1128,False,146
2000,135.00000000000003,1436,False,142
2001,24.799999999999997,311,False,28
2002,168.9,1785,False,216
2003,24.299999999999997,311,False,29
2004,105.0,1127,False,133
2005,135.0,1437,False,172
2006,59.35000000000001,674,False,77
2007,61.300000000000004,680,False,71
2008,103.99999999999999,1128,False,141
2009,133.1,1423,False,199
2010,64.9,722,False,70
2011,60.35000000000001,676,False,61
2012,63.95,707,False,86
2013,104.45000000000002,1130,False,136
2014,25.2,316,False,31
2015,81.55000000000001,898,False,127
2016,102.6,1128,False,235
2017,64.95,722,False,76
2018,63.65,705,False,70
2019,104.55000000000001,1126,False,138
2020,24.599999999999998,309,False,29
2021,24.8,310,False,29
2022,193.2,2027,False,290
2023,102.50000000000001,1130,False,147
2024,104.15,1127,False,139
2025,133.95,1432,False,190
2026,133.10000000000002,1416,False,147
2027,64.7,722,False,80
2028,62.05000000000001,692,False,83
2029,25.25,314,False,30
2030,105.05000000000001,1129,False,154
2031,73.10000000000001,821,False,137
2032,104.85000000000001,1129,False,112
2033,133.85,1419,False,157
2034,59.64999999999999,681,False,74
2035,105.25000000000001,1128,False,162
2036,133.50000000000003,1435,False,189
2037,132.90000000000003,1425,False,194
2038,61.55000000000001,694,False,67
2039,73.0,808,False,100
2040,158.70000000000002,1673,False,192
2041,103.8,1129,False,155
2042,63.85000000000001,715,False,80
2043,63.599999999999994,711,False,86
2044,104.65,1129,False,147
2045,134.65000000000003,1434,False,139
2046,65.2,722,False,75
2047,61.25,686,False,69
2048,24.799999999999997,311,False,28
2049,134.29999999999998,1433,False,186
2050,104.60000000000001,1128,False,135
2051,24.499999999999996,313,False,29
2052,62.199999999999996,694,False,98
2053,168.45000000000002,1790,False,275
2054,102.64999999999999,1129,False,197
2055,23.2,300,False,34
2056,60.900000000000006,682,False,87
2057,104.95,1126,False,143
2058,75.2,845,False,156
2059,61.050000000000004,690,False,95
2060,25.299999999999997,311,False,28
2061,104.95000000000002,1130,False,140
2062,73.75,814,False,113
2063,61.550000000000004,695,False,72
2064,60.650000000000006,682,False,103
2065,59.8,673,False,63
2066,60.400000000000006,674,False,63
2067,143.60000000000002,1524,False,176
2068,105.30000000000001,1128,False,124
2069,60.050000000000004,675,False,71
2070,143.3,1527,False,181
2071,23.45,302,False,36
2072,62.0,699,False,83
2073,135.2,1433,False,166
2074,63.05,711,False,80
2075,104.65,1129,False,147
2076,133.65,1433,False,206
2077,60.35,682,False,70
2078,61.150000000000006,679,False,61
2079,134.14999999999998,1433,False,182
2080,77.75,856,False,120
2081,24.849999999999998,314,False,28
2082,115.69999999999999,1244,False,149
2083,135.0,1433,False,155
2084,131.15,1415,False,201
2085,65.10000000000001,722,False,80
2086,61.5,686,False,69
2087,65.19999999999999,722,False,78
2088,24.049999999999997,303,False,35
2089,80.55,898,False,200
2090,133.9,1433,False,159
2091,132.75000000000003,1435,False,262
2092,24.799999999999997,311,False,29
2093,103.3,1129,False,205
2094,60.85000000000001,686,False,88
2095,24.95,316,False,31
2096,135.05,1433,False,187
2097,59.3,680,False,96
2098,24.849999999999998,314,False,28
2099,134.00000000000003,1419,False,161
2100,102.84999999999998,1128,False,184
2101,134.25,1435,False,162
2102,79.3,898,False,253
2103,134.20000000000002,1433,False,194
2104,24.599999999999998,314,False,28
2105,63.95,710,False,79
2106,60.650000000000006,681,False,71
2107,25.299999999999997,316,False,29
2108,104.60000000000001,1129,False,161
2109,134.35000000000002,1432,False,168
2110,60.500000000000014,679,False,59
2111,61.650000000000006,691,False,71
2112,105.3,1129,False,128
2113,104.25,1129,False,144
2114,24.95,310,False,28
2115,60.7,686,False,84
2116,143.25,1522,False,225
2117,168.3,1799,False,268
2118,24.950000000000003,315,False,27
2119,170.75,1798,False,211
2120,59.4,682,False,100
2121,171.55,1791,False,185
2122,190.34999999999997,2022,False,267
2123,167.95,1788,False,242
2124,59.75,676,False,65
2125,142.35000000000002,1527,False,220
2126,23.900000000000002,303,False,34
2127,104.7,1129,False,156
2128,24.3,311,False,30
2129,102.35,1128,False,281
2130,62.75,711,False,93
2131,134.05,1427,False,159
2132,80.99999999999999,898,False,168
2133,134.60000000000002,1432,False,144
2134,62.650000000000006,702,False,84
2135,104.5,1128,False,161
2136,132.90000000000003,1416,False,156
2137,76.6,850,False,158
2138,133.45000000000002,1433,False,217
2139,103.94999999999999,1130,False,140
2140,25.099999999999998,315,False,30
2141,24.799999999999997,316,False,29
2142,104.60000000000001,1128,False,158
2143,104.15,1130,False,179
2144,102.9,1131,False,205
2145,60.55000000000001,677,False,59
2146,25.200000000000003,315,False,27
2147,63.550000000000004,704,False,70
2148,60.70000000000001,678,False,70
2149,104.65,1129,False,148
2150,60.55,679,False,65
2151,63.9,708,False,83
2152,24.349999999999998,314,False,28
2153,65.30000000000001,722,False,70
2154,81.5,898,False,169
2155,63.050000000000004,706,False,76
2156,62.3,698,False,86
2157,24.749999999999996,313,False,29
2158,65.44999999999999,722,False,78
2159,61.25000000000001,680,False,60
2160,62.05,690,False,72
2161,60.150000000000006,679,False,66
2162,23.299999999999997,296,False,32
2163,80.6,898,False,189
2164,64.25000000000001,708,False,77
2165,22.750000000000004,299,False,31
2166,25.4,312,False,29
2167,59.75,677,False,101
2168,104.6,1131,False,147
2169,133.10000000000002,1416,False,171
2170,62.20000000000001,700,False,76
2171,23.349999999999998,300,False,31
2172,25.099999999999998,314,False,28
2173,104.70000000000002,1128,False,204
2174,139.4,1517,False,307
2175,132.1,1433,False,300
2176,64.15,722,False,68
2177,107.1,1152,False,143
2178,63.099999999999994,705,False,83
2179,103.55000000000001,1127,False,143
2180,60.94999999999999,679,False,70
2181,23.949999999999996,306,False,30
2182,81.55,898,False,179
2183,24.349999999999998,314,False,28
2184,81.65,898,False,148
2185,24.950000000000003,315,False,27
2186,25.299999999999997,316,False,29
2187,24.0,298,False,34
2188,131.55,1415,False,256
2189,24.450000000000003,315,False,27
2190,62.15000000000001,698,False,85
2191,170.04999999999998,1789,False,226
2192,23.700000000000003,315,False,27
2193,132.70000000000002,1433,False,292
2194,23.9,312,False,27
2195,25.200000000000003,315,False,27
2196,64.05,722,False,145
2197,75.04999999999998,829,False,119
2198,102.45000000000002,1127,False,221
2199,79.64999999999999,898,False,247
2200,106.2,1150,False,151
2201,81.40000000000002,898,False,147
2202,74.55000000000001,822,False,109
2203,24.849999999999998,314,False,28
2204,24.599999999999998,314,False,28
2205,25.099999999999998,314,False,28
2206,73.45,807,False,85
2207,61.45,688,False,91
2208,81.15000000000002,898,False,148
2209,60.550000000000004,678,False,60
2210,103.75000000000001,1126,False,176
2211,103.94999999999999,1127,False,175
2212,23.2,295,False,34
2213,59.800000000000004,673,False,61
2214,25.700000000000003,315,False,27
2215,135.0,1438,False,151
2216,24.7,310,False,28
2217,143.90000000000003,1521,False,147
2218,73.7,820,False,105
2219,22.999999999999996,298,False,35
2220,81.9,898,False,146
2221,157.55,1675,False,222
2222,105.30000000000001,1129,False,127
2223,60.0,680,False,63
2224,103.9,1129,False,171
2225,62.30000000000001,693,False,65
2226,24.549999999999997,311,False,28
2227,61.55000000000001,683,False,61
2228,24.950000000000003,315,False,27
2229,65.2,722,False,78
2230,23.999999999999993,299,False,31
2231,134.7,1435,False,202
2232,23.599999999999998,314,False,28
2233,65.35,722,False,83
2234,104.6,1128,False,132
2235,63.05000000000001,704,False,68
2236,63.25,701,False,78
2237,60.60000000000001,675,False,57
2238,63.30000000000001,705,False,75
2239,158.95,1676,False,182
2240,62.50000000000001,707,False,72
2241,62.300000000000004,698,False,93
2242,60.800000000000004,679,False,66
2243,61.25,683,False,81
2244,25.35,314,False,29
2245,105.30000000000001,1128,False,150
2246,103.85000000000001,1128,False,108
2247,60.85000000000001,680,False,59
2248,23.900000000000002,298,False,33
2249,104.15000000000002,1127,False,139
2250,106.55000000000001,1152,False,158
2251,63.45000000000002,711,False,84
2252,61.10000000000001,680,False,59
2253,191.9,2026,False,254
2254,134.65,1433,False,135
2255,134.8,1433,False,136
2256,133.95,1433,False,216
2257,24.45,315,False,29
2258,23.799999999999994,302,False,35
2259,62.45000000000001,693,False,66
2260,62.2,692,False,64
2261,134.1,1432,False,193
2262,81.30000000000003,898,False,150
2263,24.65,312,False,27
2264,23.0,298,False,35
2265,134.1,1435,False,206
2266,104.70000000000002,1130,False,162
2267,132.3,1413,False,196
2268,23.2,310,False,28
2269,158.85000000000002,1675,False,209
2270,103.0,1125,False,175
2271,104.55,1128,False,124
2272,132.75,1416,False,155
2273,23.650000000000002,303,False,34
2274,105.15,1128,False,125
2275,104.35000000000001,1126,False,175
2276,101.95,1125,False,218
2277,25.349999999999998,314,False,28
2278,77.75000000000001,857,False,123
2279,103.9,1129,False,147
2280,193.4,2024,False,236
2281,103.25000000000001,1127,False,161
2282,24.3,311,False,29
2283,168.85,1785,False,211
2284,63.5,708,False,80
2285,60.250000000000014,675,False,63
2286,103.85000000000001,1128,False,157
2287,104.05000000000001,1126,False,185
2288,133.05,1416,False,139
2289,157.25000000000003,1674,False,183
2290,133.85,1434,False,201
2291,24.950000000000003,315,False,27
2292,104.10000000000001,1128,False,209
2293,103.85000000000001,1128,False,156
2294,75.5,847,False,148
2295,81.89999999999999,898,False,171
2296,21.95,295,False,35
2297,61.95,692,False,86
2298,24.849999999999998,314,False,28
2299,25.6,314,False,29
2300,105.05000000000001,1128,False,127
2301,24.85,314,False,29
2302,24.700000000000003,315,False,27
2303,143.35000000000002,1525,False,183
2304,62.50000000000001,696,False,67
2305,116.15,1245,False,142
2306,60.25000000000001,680,False,92
2307,61.10000000000001,680,False,59
2308,60.10000000000001,673,False,72
2309,74.05,823,False,136
2310,61.25,687,False,72
2311,60.500000000000014,675,False,67
2312,60.95,684,False,71
2313,104.30000000000001,1128,False,174
2314,81.9,898,False,147
2315,24.299999999999997,311,False,28
2316,62.5,704,False,81
2317,62.25,694,False,84
2318,60.85000000000001,685,False,85
2319,65.35000000000001,722,False,82
2320,81.70000000000002,898,False,157
2321,61.3,690,False,95
2322,60.30000000000001,683,False,85
2323,134.75000000000003,1435,False,160
2324,104.60000000000001,1127,False,127
2325,104.05000000000001,1129,False,154
2326,134.60000000000002,1434,False,155
2327,63.40000000000001,706,False,75
2328,24.950000000000003,315,False,27
2329,24.9,312,False,27
2330,169.2,1787,False,262
2331,71.9,820,False,193
2332,134.20000000000002,1439,False,171
2333,63.4,708,False,84
2334,132.45,1416,False,194
2335,24.849999999999998,314,False,28
2336,60.49999999999999,681,False,67
2337,63.64999999999999,709,False,86
2338,116.4,1249,False,162
2339,22.65,298,False,33
2340,104.45000000000002,1128,False,178
2341,263.45000000000005,2764,False,372
2342,134.25,1433,False,203
2343,22.049999999999997,302,False,33
2344,104.30000000000001,1126,False,163
2345,134.65,1433,False,159
2346,62.25000000000001,703,False,78
2347,142.75,1523,False,228
2348,64.85,722,False,82
2349,61.95,696,False,83
2350,62.900000000000006,702,False,78
2351,61.0,685,False,89
2352,104.55000000000003,1127,False,142
2353,143.20000000000002,1525,False,177
2354,24.599999999999998,314,False,28
2355,131.9,1415,False,227
2356,104.55000000000001,1129,False,154
2357,24.749999999999996,314,False,31
2358,24.2,310,False,28
2359,25.0,314,False,30
2360,25.299999999999997,311,False,29
2361,134.25,1434,False,184
2362,62.9,708,False,85
2363,63.850000000000016,722,False,134
2364,62.400000000000006,694,False,67
2365,61.75,686,False,67
2366,60.2,676,False,84
2367,195.45000000000002,2028,False,191
2368,21.7,301,False,33
2369,60.25000000000001,679,False,84
2370,170.60000000000002,1792,False,223
2371,60.5,694,False,90
2372,61.3,685,False,76
2373,135.2,1431,False,134
2374,143.04999999999998,1522,False,163
2375,62.05,684,False,71
2376,60.30000000000001,684,False,71
2377,61.15,689,False,88
2378,104.25,1128,False,162
2379,25.15,312,False,28
2380,128.10000000000002,1408,False,382
2381,133.25,1433,False,204
2382,134.45,1434,False,148
2383,142.20000000000002,1526,False,235
2384,143.10000000000002,1522,False,143
2385,134.8,1434,False,166
2386,158.05,1674,False,194
2387,22.55,296,False,35
2388,62.650000000000006,697,False,80
2389,23.349999999999998,299,False,34
2390,63.75000000000001,707,False,75
2391,24.85,314,False,29
2392,23.7,301,False,36
2393,60.949999999999996,680,False,76
2394,104.85000000000002,1129,False,139
2395,63.14999999999999,708,False,83
2396,104.85000000000002,1127,False,129
2397,81.2,898,False,160
2398,60.25,681,False,92
2399,107.30000000000001,1152,False,131
2400,142.65000000000003,1524,False,189
2401,62.900000000000006,707,False,75
2402,105.45000000000002,1129,False,157
2403,24.350000000000005,314,False,27
2404,76.25,854,False,156
2405,24.750000000000004,313,False,27
2406,25.699999999999996,315,False,29
2407,134.4,1430,False,195
2408,59.650000000000006,681,False,71
2409,62.65,700,False,93
2410,23.1,300,False,33
2411,81.95000000000002,898,False,158
2412,24.45,316,False,31
2413,25.099999999999998,314,False,28
2414,24.7,310,False,28
2415,133.45,1435,False,251
2416,24.450000000000003,315,False,27
2417,77.24999999999999,853,False,134
2418,61.60000000000001,680,False,59
2419,64.7,722,False,75
2420,24.950000000000003,315,False,27
2421,61.35,683,False,74
2422,63.60000000000001,709,False,79
2423,104.2,1127,False,148
2424,61.300000000000004,685,False,71
2425,80.75,898,False,165
2426,61.7,687,False,64
2427,63.300000000000004,707,False,85
2428,25.3,309,False,27
2429,62.64999999999999,702,False,84
2430,105.19999999999999,1130,False,161
2431,156.7,1673,False,265
2432,79.25000000000001,898,False,166
2433,133.4,1417,False,161
2434,24.6,314,False,27
2435,25.700000000000003,315,False,27
2436,62.900000000000006,707,False,84
2437,25.099999999999998,314,False,30
2438,143.55,1526,False,178
2439,24.950000000000003,315,False,27
2440,25.700000000000003,315,False,27
2441,101.2,1124,False,333
2442,59.400000000000006,679,False,61
2443,23.299999999999997,296,False,32
2444,62.95,701,False,83
2445,60.45,678,False,69
2446,131.65,1415,False,275
2447,132.0,1416,False,154
2448,23.15,297,False,32
2449,63.70000000000001,709,False,73
2450,25.599999999999998,314,False,30
2451,24.299999999999997,311,False,28
2452,63.550000000000004,704,False,91
2453,61.30000000000001,692,False,85
2454,64.10000000000001,722,False,134
2455,103.75,1125,False,177
2456,63.75,722,False,136
2457,142.7,1516,False,187
2458,60.55,683,False,91
2459,104.85,1128,False,159
2460,61.900000000000006,703,False,81
2461,105.00000000000003,1128,False,110
2462,60.50000000000001,675,False,69
2463,24.849999999999998,314,False,28
2464,105.95,1129,False,110
2465,24.45,310,False,28
2466,60.4,681,False,74
2467,106.5,1155,False,162
2468,62.400000000000006,694,False,88
2469,60.599999999999994,677,False,69
2470,61.55,691,False,84
2471,61.099999999999994,682,False,68
